{"None": {"loss": 1.9177669286727905, "perplexity": 6.805743776578389}, "spatial": {"loss": 1.9175091981887817, "perplexity": 6.803989954957167}, "temporal": {"loss": 0.8708381652832031, "perplexity": 2.3889123179976472}}