{"None": {"loss": 1.9034286737442017, "perplexity": 6.708857536994185}, "spatial": {"loss": 1.9057985544204712, "perplexity": 6.724775583316055}, "temporal": {"loss": 0.7731662392616272, "perplexity": 2.166615427833524}}