{"pad_0_stride_1_avg_False": 0.23895131349563598, "pad_1_stride_2_avg_True": 0.37352173030376434}