{"pad_0_stride_1_avg_False": 0.188179150223732, "pad_1_stride_2_avg_True": 0.36724573373794556}