{"with_clipping_True": 2.628666907140653, "with_clipping_False": 2.5728675355649973}