{"rnn": {"loss": 2.533671263146074, "perplexity": 12.599678063889765}, "lstm": {"loss": 2.4031117346188795, "perplexity": 11.057531003709213}, "gru": {"loss": 0.6631435573815483, "perplexity": 1.9408840349151706}}