{"rnn": {"loss": 2.605283497131034, "perplexity": 13.535061910108247}, "lstm": {"loss": 2.513046679431445, "perplexity": 12.342476404625415}, "gru": {"loss": 0.6809817644423002, "perplexity": 1.9758165667850816}}