{"gaussian": 0.13980482518672943, "constant": 0.14492902159690857, "xavier": 0.13963772356510162}