{"gaussian": 0.07379578053951263, "constant": 0.07963122427463531, "xavier": 0.07779880613088608}