{"accuracy": 0.9697156983930779, "precision": 0.22916666666666666, "recall": 0.4782608695652174, "f1_score": 0.3098591549295775, "confusion_matrix": [[1558, 37], [12, 11]]}