{"accuracy": 0.969097651421508, "precision": 0.23214285714285715, "recall": 0.65, "f1_score": 0.3421052631578948, "confusion_matrix": [[1555, 43], [7, 13]]}